{
    "cam": {
        "D": [
            -0.0481983737169903,
            0.0511079309791024,
            0.000525685666351643,
            -0.00156158592571899,
            0
        ],
        "K": [
            [
                642.030893888749,
                0.0212515683817898,
                637.964966240259
            ],
            [
                0.0,
                649.645903770064,
                366.508067467729
            ],
            [
                0,
                0,
                1
            ]
        ]
    },
    "lidar_pose": "descend",
    "pc": {
        "PerspectiveParams": [
            -9.524364,
            -1.442703,
            5.006819,
            0.262149,
            -0.014307,
            0.964921
        ],
        "filter": {
            "angle_size": 27.0,
            "angle_start": 319.0,
            "ceil_gap": 1.0,
            "floor_gap": 0.0,
            "max_ceil_gap": 10.0,
            "max_distance": 2.6,
            "max_distance_threshold": 15,
            "max_floor_gap": 5,
            "min_distance": 2.4,
            "min_distance_threshold": 5
        },
        "plane": {
            "distance_threshold": 0.06,
            "point_num_min": 20
        }
    },
    "size": 4,
    "tag_size": [
        0.72,
        0.48,
        0.016
    ],
    "tf": [
        [
            0.0255842537434674,
            -0.999662901371908,
            0.00441922856250582,
            -0.0131406312392308
        ],
        [
            0.0203604632724886,
            -0.00389868586562692,
            -0.999785102801522,
            -0.0392561330072734
        ],
        [
            0.999465305798915,
            0.0256687332998522,
            0.0202538548198001,
            -0.233530028579075
        ],
        [
            0.0,
            0.0,
            0.0,
            1.0
        ]
    ]
}