{
    "cam": {
        "D": [
            -0.0481983737169903,
            0.0511079309791024,
            0.000525685666351643,
            -0.00156158592571899,
            0
        ],
        "K": [
            [
                642.030893888749,
                0.0212515683817898,
                637.964966240259
            ],
            [
                0.0,
                649.645903770064,
                366.508067467729
            ],
            [
                0,
                0,
                1
            ]
        ]
    },
    "lidar_pose": "descend",
    "pc": {
        "PerspectiveParams": [
            -9.524364,
            -1.442703,
            5.006819,
            0.262149,
            -0.014307,
            0.964921
        ],
        "filter": {
            "angle_size": 28.0,
            "angle_start": 323.0,
            "ceil_gap": 1.0,
            "floor_gap": 0.2,
            "max_ceil_gap": 10.0,
            "max_distance": 2.7,
            "max_distance_threshold": 15,
            "max_floor_gap": 5,
            "min_distance": 2.3,
            "min_distance_threshold": 5
        },
        "plane": {
            "distance_threshold": 0.06,
            "point_num_min": 20
        }
    },
    "size": 4,
    "tag_size": [
        0.72,
        0.48,
        0.016
    ],
    "tf": [
        [
            0.000671428699799748,
            -0.999953245840079,
            -0.00964651840775438,
            -0.0218906304420475
        ],
        [
            0.0173421142577779,
            0.00965671333613849,
            -0.999802980071881,
            -0.0459449786563576
        ],
        [
            0.999849388786417,
            0.00050400539054879,
            0.0173477872362739,
            -0.00128269581239805
        ],
        [
            0.0,
            0.0,
            0.0,
            1.0
        ]
    ]
}